PassengerId;Survived;Pclass;Sex;Age;SibSp;Parch;Fare;Embarked
1;0;3;male;22,00000;1;0;7,25000;S
2;1;1;female;38,00000;1;0;71,28330;C
3;1;3;female;26,00000;0;0;7,92500;S
4;1;1;female;35,00000;1;0;53,10000;S
5;0;3;male;35,00000;0;0;8,05000;S
6;0;3;male;;0;0;8,45830;Q
7;0;1;male;54,00000;0;0;51,86250;S
8;0;3;male;2,00000;3;1;21,07500;S
9;1;3;female;27,00000;0;2;11,13330;S
10;1;2;female;14,00000;1;0;30,07080;C
11;1;3;female;4,00000;1;1;16,70000;S
12;1;1;female;58,00000;0;0;26,55000;S
13;0;3;male;20,00000;0;0;8,05000;S
14;0;3;male;39,00000;1;5;31,27500;S
15;0;3;female;14,00000;0;0;7,85420;S
16;1;2;female;55,00000;0;0;16,00000;S
17;0;3;male;2,00000;4;1;29,12500;Q
18;1;2;male;;0;0;13,00000;S
19;0;3;female;31,00000;1;0;18,00000;S
20;1;3;female;;0;0;7,22500;C
21;0;2;male;35,00000;0;0;26,00000;S
22;1;2;male;34,00000;0;0;13,00000;S
23;1;3;female;15,00000;0;0;8,02920;Q
24;1;1;male;28,00000;0;0;35,50000;S
25;0;3;female;8,00000;3;1;21,07500;S
26;1;3;female;38,00000;1;5;31,38750;S
27;0;3;male;;0;0;7,22500;C
28;0;1;male;19,00000;3;2;263,00000;S
29;1;3;female;;0;0;7,87920;Q
30;0;3;male;;0;0;7,89580;S
31;0;1;male;40,00000;0;0;27,72080;C
32;1;1;female;;1;0;146,52080;C
33;1;3;female;;0;0;7,75000;Q
34;0;2;male;66,00000;0;0;10,50000;S
35;0;1;male;28,00000;1;0;82,17080;C
36;0;1;male;42,00000;1;0;52,00000;S
37;1;3;male;;0;0;7,22920;C
38;0;3;male;21,00000;0;0;8,05000;S
39;0;3;female;18,00000;2;0;18,00000;S
40;1;3;female;14,00000;1;0;11,24170;C
41;0;3;female;40,00000;1;0;9,47500;S
42;0;2;female;27,00000;1;0;21,00000;S
43;0;3;male;;0;0;7,89580;C
44;1;2;female;3,00000;1;2;41,57920;C
45;1;3;female;19,00000;0;0;7,87920;Q
46;0;3;male;;0;0;8,05000;S
47;0;3;male;;1;0;15,50000;Q
48;1;3;female;;0;0;7,75000;Q
49;0;3;male;;2;0;21,67920;C
50;0;3;female;18,00000;1;0;17,80000;S
51;0;3;male;7,00000;4;1;39,68750;S
52;0;3;male;21,00000;0;0;7,80000;S
53;1;1;female;49,00000;1;0;76,72920;C
54;1;2;female;29,00000;1;0;26,00000;S
55;0;1;male;65,00000;0;1;61,97920;C
56;1;1;male;;0;0;35,50000;S
57;1;2;female;21,00000;0;0;10,50000;S
58;0;3;male;28,50000;0;0;7,22920;C
59;1;2;female;5,00000;1;2;27,75000;S
60;0;3;male;11,00000;5;2;46,90000;S
61;0;3;male;22,00000;0;0;7,22920;C
62;1;1;female;38,00000;0;0;80,00000;
63;0;1;male;45,00000;1;0;83,47500;S
64;0;3;male;4,00000;3;2;27,90000;S
65;0;1;male;;0;0;27,72080;C
66;1;3;male;;1;1;15,24580;C
67;1;2;female;29,00000;0;0;10,50000;S
68;0;3;male;19,00000;0;0;8,15830;S
69;1;3;female;17,00000;4;2;7,92500;S
70;0;3;male;26,00000;2;0;8,66250;S
71;0;2;male;32,00000;0;0;10,50000;S
72;0;3;female;16,00000;5;2;46,90000;S
73;0;2;male;21,00000;0;0;73,50000;S
74;0;3;male;26,00000;1;0;14,45420;C
75;1;3;male;32,00000;0;0;56,49580;S
76;0;3;male;25,00000;0;0;7,65000;S
77;0;3;male;;0;0;7,89580;S
78;0;3;male;;0;0;8,05000;S
79;1;2;male;0,83000;0;2;29,00000;S
80;1;3;female;30,00000;0;0;12,47500;S
81;0;3;male;22,00000;0;0;9,00000;S
82;1;3;male;29,00000;0;0;9,50000;S
83;1;3;female;;0;0;7,78750;Q
84;0;1;male;28,00000;0;0;47,10000;S
85;1;2;female;17,00000;0;0;10,50000;S
86;1;3;female;33,00000;3;0;15,85000;S
87;0;3;male;16,00000;1;3;34,37500;S
88;0;3;male;;0;0;8,05000;S
89;1;1;female;23,00000;3;2;263,00000;S
90;0;3;male;24,00000;0;0;8,05000;S
91;0;3;male;29,00000;0;0;8,05000;S
92;0;3;male;20,00000;0;0;7,85420;S
93;0;1;male;46,00000;1;0;61,17500;S
94;0;3;male;26,00000;1;2;20,57500;S
95;0;3;male;59,00000;0;0;7,25000;S
96;0;3;male;;0;0;8,05000;S
97;0;1;male;71,00000;0;0;34,65420;C
98;1;1;male;23,00000;0;1;63,35830;C
99;1;2;female;34,00000;0;1;23,00000;S
100;0;2;male;34,00000;1;0;26,00000;S
101;0;3;female;28,00000;0;0;7,89580;S
102;0;3;male;;0;0;7,89580;S
103;0;1;male;21,00000;0;1;77,28750;S
104;0;3;male;33,00000;0;0;8,65420;S
105;0;3;male;37,00000;2;0;7,92500;S
106;0;3;male;28,00000;0;0;7,89580;S
107;1;3;female;21,00000;0;0;7,65000;S
108;1;3;male;;0;0;7,77500;S
109;0;3;male;38,00000;0;0;7,89580;S
110;1;3;female;;1;0;24,15000;Q
111;0;1;male;47,00000;0;0;52,00000;S
112;0;3;female;14,50000;1;0;14,45420;C
113;0;3;male;22,00000;0;0;8,05000;S
114;0;3;female;20,00000;1;0;9,82500;S
115;0;3;female;17,00000;0;0;14,45830;C
116;0;3;male;21,00000;0;0;7,92500;S
117;0;3;male;70,50000;0;0;7,75000;Q
118;0;2;male;29,00000;1;0;21,00000;S
119;0;1;male;24,00000;0;1;247,52080;C
120;0;3;female;2,00000;4;2;31,27500;S
121;0;2;male;21,00000;2;0;73,50000;S
122;0;3;male;;0;0;8,05000;S
123;0;2;male;32,50000;1;0;30,07080;C
124;1;2;female;32,50000;0;0;13,00000;S
125;0;1;male;54,00000;0;1;77,28750;S
126;1;3;male;12,00000;1;0;11,24170;C
127;0;3;male;;0;0;7,75000;Q
128;1;3;male;24,00000;0;0;7,14170;S
129;1;3;female;;1;1;22,35830;C
130;0;3;male;45,00000;0;0;6,97500;S
131;0;3;male;33,00000;0;0;7,89580;C
132;0;3;male;20,00000;0;0;7,05000;S
133;0;3;female;47,00000;1;0;14,50000;S
134;1;2;female;29,00000;1;0;26,00000;S
135;0;2;male;25,00000;0;0;13,00000;S
136;0;2;male;23,00000;0;0;15,04580;C
137;1;1;female;19,00000;0;2;26,28330;S
138;0;1;male;37,00000;1;0;53,10000;S
139;0;3;male;16,00000;0;0;9,21670;S
140;0;1;male;24,00000;0;0;79,20000;C
141;0;3;female;;0;2;15,24580;C
142;1;3;female;22,00000;0;0;7,75000;S
143;1;3;female;24,00000;1;0;15,85000;S
144;0;3;male;19,00000;0;0;6,75000;Q
145;0;2;male;18,00000;0;0;11,50000;S
146;0;2;male;19,00000;1;1;36,75000;S
147;1;3;male;27,00000;0;0;7,79580;S
148;0;3;female;9,00000;2;2;34,37500;S
149;0;2;male;36,50000;0;2;26,00000;S
150;0;2;male;42,00000;0;0;13,00000;S
151;0;2;male;51,00000;0;0;12,52500;S
152;1;1;female;22,00000;1;0;66,60000;S
153;0;3;male;55,50000;0;0;8,05000;S
154;0;3;male;40,50000;0;2;14,50000;S
155;0;3;male;;0;0;7,31250;S
156;0;1;male;51,00000;0;1;61,37920;C
157;1;3;female;16,00000;0;0;7,73330;Q
158;0;3;male;30,00000;0;0;8,05000;S
159;0;3;male;;0;0;8,66250;S
160;0;3;male;;8;2;69,55000;S
161;0;3;male;44,00000;0;1;16,10000;S
162;1;2;female;40,00000;0;0;15,75000;S
163;0;3;male;26,00000;0;0;7,77500;S
164;0;3;male;17,00000;0;0;8,66250;S
165;0;3;male;1,00000;4;1;39,68750;S
166;1;3;male;9,00000;0;2;20,52500;S
167;1;1;female;;0;1;55,00000;S
168;0;3;female;45,00000;1;4;27,90000;S
169;0;1;male;;0;0;25,92500;S
170;0;3;male;28,00000;0;0;56,49580;S
171;0;1;male;61,00000;0;0;33,50000;S
172;0;3;male;4,00000;4;1;29,12500;Q
173;1;3;female;1,00000;1;1;11,13330;S
174;0;3;male;21,00000;0;0;7,92500;S
175;0;1;male;56,00000;0;0;30,69580;C
176;0;3;male;18,00000;1;1;7,85420;S
177;0;3;male;;3;1;25,46670;S
178;0;1;female;50,00000;0;0;28,71250;C
179;0;2;male;30,00000;0;0;13,00000;S
180;0;3;male;36,00000;0;0;0,00000;S
181;0;3;female;;8;2;69,55000;S
182;0;2;male;;0;0;15,05000;C
183;0;3;male;9,00000;4;2;31,38750;S
184;1;2;male;1,00000;2;1;39,00000;S
185;1;3;female;4,00000;0;2;22,02500;S
186;0;1;male;;0;0;50,00000;S
187;1;3;female;;1;0;15,50000;Q
188;1;1;male;45,00000;0;0;26,55000;S
189;0;3;male;40,00000;1;1;15,50000;Q
190;0;3;male;36,00000;0;0;7,89580;S
191;1;2;female;32,00000;0;0;13,00000;S
192;0;2;male;19,00000;0;0;13,00000;S
193;1;3;female;19,00000;1;0;7,85420;S
194;1;2;male;3,00000;1;1;26,00000;S
195;1;1;female;44,00000;0;0;27,72080;C
196;1;1;female;58,00000;0;0;146,52080;C
197;0;3;male;;0;0;7,75000;Q
198;0;3;male;42,00000;0;1;8,40420;S
199;1;3;female;;0;0;7,75000;Q
200;0;2;female;24,00000;0;0;13,00000;S
201;0;3;male;28,00000;0;0;9,50000;S
202;0;3;male;;8;2;69,55000;S
203;0;3;male;34,00000;0;0;6,49580;S
204;0;3;male;45,50000;0;0;7,22500;C
205;1;3;male;18,00000;0;0;8,05000;S
206;0;3;female;2,00000;0;1;10,46250;S
207;0;3;male;32,00000;1;0;15,85000;S
208;1;3;male;26,00000;0;0;18,78750;C
209;1;3;female;16,00000;0;0;7,75000;Q
210;1;1;male;40,00000;0;0;31,00000;C
211;0;3;male;24,00000;0;0;7,05000;S
212;1;2;female;35,00000;0;0;21,00000;S
213;0;3;male;22,00000;0;0;7,25000;S
214;0;2;male;30,00000;0;0;13,00000;S
215;0;3;male;;1;0;7,75000;Q
216;1;1;female;31,00000;1;0;113,27500;C
217;1;3;female;27,00000;0;0;7,92500;S
218;0;2;male;42,00000;1;0;27,00000;S
219;1;1;female;32,00000;0;0;76,29170;C
220;0;2;male;30,00000;0;0;10,50000;S
221;1;3;male;16,00000;0;0;8,05000;S
222;0;2;male;27,00000;0;0;13,00000;S
223;0;3;male;51,00000;0;0;8,05000;S
224;0;3;male;;0;0;7,89580;S
225;1;1;male;38,00000;1;0;90,00000;S
226;0;3;male;22,00000;0;0;9,35000;S
227;1;2;male;19,00000;0;0;10,50000;S
228;0;3;male;20,50000;0;0;7,25000;S
229;0;2;male;18,00000;0;0;13,00000;S
230;0;3;female;;3;1;25,46670;S
231;1;1;female;35,00000;1;0;83,47500;S
232;0;3;male;29,00000;0;0;7,77500;S
233;0;2;male;59,00000;0;0;13,50000;S
234;1;3;female;5,00000;4;2;31,38750;S
235;0;2;male;24,00000;0;0;10,50000;S
236;0;3;female;;0;0;7,55000;S
237;0;2;male;44,00000;1;0;26,00000;S
238;1;2;female;8,00000;0;2;26,25000;S
239;0;2;male;19,00000;0;0;10,50000;S
240;0;2;male;33,00000;0;0;12,27500;S
241;0;3;female;;1;0;14,45420;C
242;1;3;female;;1;0;15,50000;Q
243;0;2;male;29,00000;0;0;10,50000;S
244;0;3;male;22,00000;0;0;7,12500;S
245;0;3;male;30,00000;0;0;7,22500;C
246;0;1;male;44,00000;2;0;90,00000;Q
247;0;3;female;25,00000;0;0;7,77500;S
248;1;2;female;24,00000;0;2;14,50000;S
249;1;1;male;37,00000;1;1;52,55420;S
250;0;2;male;54,00000;1;0;26,00000;S
251;0;3;male;;0;0;7,25000;S
252;0;3;female;29,00000;1;1;10,46250;S
253;0;1;male;62,00000;0;0;26,55000;S
254;0;3;male;30,00000;1;0;16,10000;S
255;0;3;female;41,00000;0;2;20,21250;S
256;1;3;female;29,00000;0;2;15,24580;C
257;1;1;female;;0;0;79,20000;C
258;1;1;female;30,00000;0;0;86,50000;S
259;1;1;female;35,00000;0;0;512,32920;C
260;1;2;female;50,00000;0;1;26,00000;S
261;0;3;male;;0;0;7,75000;Q
262;1;3;male;3,00000;4;2;31,38750;S
263;0;1;male;52,00000;1;1;79,65000;S
264;0;1;male;40,00000;0;0;0,00000;S
265;0;3;female;;0;0;7,75000;Q
266;0;2;male;36,00000;0;0;10,50000;S
267;0;3;male;16,00000;4;1;39,68750;S
268;1;3;male;25,00000;1;0;7,77500;S
269;1;1;female;58,00000;0;1;153,46250;S
270;1;1;female;35,00000;0;0;135,63330;S
271;0;1;male;;0;0;31,00000;S
272;1;3;male;25,00000;0;0;0,00000;S
273;1;2;female;41,00000;0;1;19,50000;S
274;0;1;male;37,00000;0;1;29,70000;C
275;1;3;female;;0;0;7,75000;Q
276;1;1;female;63,00000;1;0;77,95830;S
277;0;3;female;45,00000;0;0;7,75000;S
278;0;2;male;;0;0;0,00000;S
279;0;3;male;7,00000;4;1;29,12500;Q
280;1;3;female;35,00000;1;1;20,25000;S
281;0;3;male;65,00000;0;0;7,75000;Q
282;0;3;male;28,00000;0;0;7,85420;S
283;0;3;male;16,00000;0;0;9,50000;S
284;1;3;male;19,00000;0;0;8,05000;S
285;0;1;male;;0;0;26,00000;S
286;0;3;male;33,00000;0;0;8,66250;C
287;1;3;male;30,00000;0;0;9,50000;S
288;0;3;male;22,00000;0;0;7,89580;S
289;1;2;male;42,00000;0;0;13,00000;S
290;1;3;female;22,00000;0;0;7,75000;Q
291;1;1;female;26,00000;0;0;78,85000;S
292;1;1;female;19,00000;1;0;91,07920;C
293;0;2;male;36,00000;0;0;12,87500;C
294;0;3;female;24,00000;0;0;8,85000;S
295;0;3;male;24,00000;0;0;7,89580;S
296;0;1;male;;0;0;27,72080;C
297;0;3;male;23,50000;0;0;7,22920;C
298;0;1;female;2,00000;1;2;151,55000;S
299;1;1;male;;0;0;30,50000;S
300;1;1;female;50,00000;0;1;247,52080;C
301;1;3;female;;0;0;7,75000;Q
302;1;3;male;;2;0;23,25000;Q
303;0;3;male;19,00000;0;0;0,00000;S
304;1;2;female;;0;0;12,35000;Q
305;0;3;male;;0;0;8,05000;S
306;1;1;male;0,92000;1;2;151,55000;S
307;1;1;female;;0;0;110,88330;C
308;1;1;female;17,00000;1;0;108,90000;C
309;0;2;male;30,00000;1;0;24,00000;C
310;1;1;female;30,00000;0;0;56,92920;C
311;1;1;female;24,00000;0;0;83,15830;C
312;1;1;female;18,00000;2;2;262,37500;C
313;0;2;female;26,00000;1;1;26,00000;S
314;0;3;male;28,00000;0;0;7,89580;S
315;0;2;male;43,00000;1;1;26,25000;S
316;1;3;female;26,00000;0;0;7,85420;S
317;1;2;female;24,00000;1;0;26,00000;S
318;0;2;male;54,00000;0;0;14,00000;S
319;1;1;female;31,00000;0;2;164,86670;S
320;1;1;female;40,00000;1;1;134,50000;C
321;0;3;male;22,00000;0;0;7,25000;S
322;0;3;male;27,00000;0;0;7,89580;S
323;1;2;female;30,00000;0;0;12,35000;Q
324;1;2;female;22,00000;1;1;29,00000;S
325;0;3;male;;8;2;69,55000;S
326;1;1;female;36,00000;0;0;135,63330;C
327;0;3;male;61,00000;0;0;6,23750;S
328;1;2;female;36,00000;0;0;13,00000;S
329;1;3;female;31,00000;1;1;20,52500;S
330;1;1;female;16,00000;0;1;57,97920;C
331;1;3;female;;2;0;23,25000;Q
332;0;1;male;45,50000;0;0;28,50000;S
333;0;1;male;38,00000;0;1;153,46250;S
334;0;3;male;16,00000;2;0;18,00000;S
335;1;1;female;;1;0;133,65000;S
336;0;3;male;;0;0;7,89580;S
337;0;1;male;29,00000;1;0;66,60000;S
338;1;1;female;41,00000;0;0;134,50000;C
339;1;3;male;45,00000;0;0;8,05000;S
340;0;1;male;45,00000;0;0;35,50000;S
341;1;2;male;2,00000;1;1;26,00000;S
342;1;1;female;24,00000;3;2;263,00000;S
343;0;2;male;28,00000;0;0;13,00000;S
344;0;2;male;25,00000;0;0;13,00000;S
345;0;2;male;36,00000;0;0;13,00000;S
346;1;2;female;24,00000;0;0;13,00000;S
347;1;2;female;40,00000;0;0;13,00000;S
348;1;3;female;;1;0;16,10000;S
349;1;3;male;3,00000;1;1;15,90000;S
350;0;3;male;42,00000;0;0;8,66250;S
351;0;3;male;23,00000;0;0;9,22500;S
352;0;1;male;;0;0;35,00000;S
353;0;3;male;15,00000;1;1;7,22920;C
354;0;3;male;25,00000;1;0;17,80000;S
355;0;3;male;;0;0;7,22500;C
356;0;3;male;28,00000;0;0;9,50000;S
357;1;1;female;22,00000;0;1;55,00000;S
358;0;2;female;38,00000;0;0;13,00000;S
359;1;3;female;;0;0;7,87920;Q
360;1;3;female;;0;0;7,87920;Q
361;0;3;male;40,00000;1;4;27,90000;S
362;0;2;male;29,00000;1;0;27,72080;C
363;0;3;female;45,00000;0;1;14,45420;C
364;0;3;male;35,00000;0;0;7,05000;S
365;0;3;male;;1;0;15,50000;Q
366;0;3;male;30,00000;0;0;7,25000;S
367;1;1;female;60,00000;1;0;75,25000;C
368;1;3;female;;0;0;7,22920;C
369;1;3;female;;0;0;7,75000;Q
370;1;1;female;24,00000;0;0;69,30000;C
371;1;1;male;25,00000;1;0;55,44170;C
372;0;3;male;18,00000;1;0;6,49580;S
373;0;3;male;19,00000;0;0;8,05000;S
374;0;1;male;22,00000;0;0;135,63330;C
375;0;3;female;3,00000;3;1;21,07500;S
376;1;1;female;;1;0;82,17080;C
377;1;3;female;22,00000;0;0;7,25000;S
378;0;1;male;27,00000;0;2;211,50000;C
379;0;3;male;20,00000;0;0;4,01250;C
380;0;3;male;19,00000;0;0;7,77500;S
381;1;1;female;42,00000;0;0;227,52500;C
382;1;3;female;1,00000;0;2;15,74170;C
383;0;3;male;32,00000;0;0;7,92500;S
384;1;1;female;35,00000;1;0;52,00000;S
385;0;3;male;;0;0;7,89580;S
386;0;2;male;18,00000;0;0;73,50000;S
387;0;3;male;1,00000;5;2;46,90000;S
388;1;2;female;36,00000;0;0;13,00000;S
389;0;3;male;;0;0;7,72920;Q
390;1;2;female;17,00000;0;0;12,00000;C
391;1;1;male;36,00000;1;2;120,00000;S
392;1;3;male;21,00000;0;0;7,79580;S
393;0;3;male;28,00000;2;0;7,92500;S
394;1;1;female;23,00000;1;0;113,27500;C
395;1;3;female;24,00000;0;2;16,70000;S
396;0;3;male;22,00000;0;0;7,79580;S
397;0;3;female;31,00000;0;0;7,85420;S
398;0;2;male;46,00000;0;0;26,00000;S
399;0;2;male;23,00000;0;0;10,50000;S
400;1;2;female;28,00000;0;0;12,65000;S
401;1;3;male;39,00000;0;0;7,92500;S
402;0;3;male;26,00000;0;0;8,05000;S
403;0;3;female;21,00000;1;0;9,82500;S
404;0;3;male;28,00000;1;0;15,85000;S
405;0;3;female;20,00000;0;0;8,66250;S
406;0;2;male;34,00000;1;0;21,00000;S
407;0;3;male;51,00000;0;0;7,75000;S
408;1;2;male;3,00000;1;1;18,75000;S
409;0;3;male;21,00000;0;0;7,77500;S
410;0;3;female;;3;1;25,46670;S
411;0;3;male;;0;0;7,89580;S
412;0;3;male;;0;0;6,85830;Q
413;1;1;female;33,00000;1;0;90,00000;Q
414;0;2;male;;0;0;0,00000;S
415;1;3;male;44,00000;0;0;7,92500;S
416;0;3;female;;0;0;8,05000;S
417;1;2;female;34,00000;1;1;32,50000;S
418;1;2;female;18,00000;0;2;13,00000;S
419;0;2;male;30,00000;0;0;13,00000;S
420;0;3;female;10,00000;0;2;24,15000;S
421;0;3;male;;0;0;7,89580;C
422;0;3;male;21,00000;0;0;7,73330;Q
423;0;3;male;29,00000;0;0;7,87500;S
424;0;3;female;28,00000;1;1;14,40000;S
425;0;3;male;18,00000;1;1;20,21250;S
426;0;3;male;;0;0;7,25000;S
427;1;2;female;28,00000;1;0;26,00000;S
428;1;2;female;19,00000;0;0;26,00000;S
429;0;3;male;;0;0;7,75000;Q
430;1;3;male;32,00000;0;0;8,05000;S
431;1;1;male;28,00000;0;0;26,55000;S
432;1;3;female;;1;0;16,10000;S
433;1;2;female;42,00000;1;0;26,00000;S
434;0;3;male;17,00000;0;0;7,12500;S
435;0;1;male;50,00000;1;0;55,90000;S
436;1;1;female;14,00000;1;2;120,00000;S
437;0;3;female;21,00000;2;2;34,37500;S
438;1;2;female;24,00000;2;3;18,75000;S
439;0;1;male;64,00000;1;4;263,00000;S
440;0;2;male;31,00000;0;0;10,50000;S
441;1;2;female;45,00000;1;1;26,25000;S
442;0;3;male;20,00000;0;0;9,50000;S
443;0;3;male;25,00000;1;0;7,77500;S
444;1;2;female;28,00000;0;0;13,00000;S
445;1;3;male;;0;0;8,11250;S
446;1;1;male;4,00000;0;2;81,85830;S
447;1;2;female;13,00000;0;1;19,50000;S
448;1;1;male;34,00000;0;0;26,55000;S
449;1;3;female;5,00000;2;1;19,25830;C
450;1;1;male;52,00000;0;0;30,50000;S
451;0;2;male;36,00000;1;2;27,75000;S
452;0;3;male;;1;0;19,96670;S
453;0;1;male;30,00000;0;0;27,75000;C
454;1;1;male;49,00000;1;0;89,10420;C
455;0;3;male;;0;0;8,05000;S
456;1;3;male;29,00000;0;0;7,89580;C
457;0;1;male;65,00000;0;0;26,55000;S
458;1;1;female;;1;0;51,86250;S
459;1;2;female;50,00000;0;0;10,50000;S
460;0;3;male;;0;0;7,75000;Q
461;1;1;male;48,00000;0;0;26,55000;S
462;0;3;male;34,00000;0;0;8,05000;S
463;0;1;male;47,00000;0;0;38,50000;S
464;0;2;male;48,00000;0;0;13,00000;S
465;0;3;male;;0;0;8,05000;S
466;0;3;male;38,00000;0;0;7,05000;S
467;0;2;male;;0;0;0,00000;S
468;0;1;male;56,00000;0;0;26,55000;S
469;0;3;male;;0;0;7,72500;Q
470;1;3;female;0,75000;2;1;19,25830;C
471;0;3;male;;0;0;7,25000;S
472;0;3;male;38,00000;0;0;8,66250;S
473;1;2;female;33,00000;1;2;27,75000;S
474;1;2;female;23,00000;0;0;13,79170;C
475;0;3;female;22,00000;0;0;9,83750;S
476;0;1;male;;0;0;52,00000;S
477;0;2;male;34,00000;1;0;21,00000;S
478;0;3;male;29,00000;1;0;7,04580;S
479;0;3;male;22,00000;0;0;7,52080;S
480;1;3;female;2,00000;0;1;12,28750;S
481;0;3;male;9,00000;5;2;46,90000;S
482;0;2;male;;0;0;0,00000;S
483;0;3;male;50,00000;0;0;8,05000;S
484;1;3;female;63,00000;0;0;9,58750;S
485;1;1;male;25,00000;1;0;91,07920;C
486;0;3;female;;3;1;25,46670;S
487;1;1;female;35,00000;1;0;90,00000;S
488;0;1;male;58,00000;0;0;29,70000;C
489;0;3;male;30,00000;0;0;8,05000;S
490;1;3;male;9,00000;1;1;15,90000;S
491;0;3;male;;1;0;19,96670;S
492;0;3;male;21,00000;0;0;7,25000;S
493;0;1;male;55,00000;0;0;30,50000;S
494;0;1;male;71,00000;0;0;49,50420;C
495;0;3;male;21,00000;0;0;8,05000;S
496;0;3;male;;0;0;14,45830;C
497;1;1;female;54,00000;1;0;78,26670;C
498;0;3;male;;0;0;15,10000;S
499;0;1;female;25,00000;1;2;151,55000;S
500;0;3;male;24,00000;0;0;7,79580;S
501;0;3;male;17,00000;0;0;8,66250;S
502;0;3;female;21,00000;0;0;7,75000;Q
503;0;3;female;;0;0;7,62920;Q
504;0;3;female;37,00000;0;0;9,58750;S
505;1;1;female;16,00000;0;0;86,50000;S
506;0;1;male;18,00000;1;0;108,90000;C
507;1;2;female;33,00000;0;2;26,00000;S
508;1;1;male;;0;0;26,55000;S
509;0;3;male;28,00000;0;0;22,52500;S
510;1;3;male;26,00000;0;0;56,49580;S
511;1;3;male;29,00000;0;0;7,75000;Q
512;0;3;male;;0;0;8,05000;S
513;1;1;male;36,00000;0;0;26,28750;S
514;1;1;female;54,00000;1;0;59,40000;C
515;0;3;male;24,00000;0;0;7,49580;S
516;0;1;male;47,00000;0;0;34,02080;S
517;1;2;female;34,00000;0;0;10,50000;S
518;0;3;male;;0;0;24,15000;Q
519;1;2;female;36,00000;1;0;26,00000;S
520;0;3;male;32,00000;0;0;7,89580;S
521;1;1;female;30,00000;0;0;93,50000;S
522;0;3;male;22,00000;0;0;7,89580;S
523;0;3;male;;0;0;7,22500;C
524;1;1;female;44,00000;0;1;57,97920;C
525;0;3;male;;0;0;7,22920;C
526;0;3;male;40,50000;0;0;7,75000;Q
527;1;2;female;50,00000;0;0;10,50000;S
528;0;1;male;;0;0;221,77920;S
529;0;3;male;39,00000;0;0;7,92500;S
530;0;2;male;23,00000;2;1;11,50000;S
531;1;2;female;2,00000;1;1;26,00000;S
532;0;3;male;;0;0;7,22920;C
533;0;3;male;17,00000;1;1;7,22920;C
534;1;3;female;;0;2;22,35830;C
535;0;3;female;30,00000;0;0;8,66250;S
536;1;2;female;7,00000;0;2;26,25000;S
537;0;1;male;45,00000;0;0;26,55000;S
538;1;1;female;30,00000;0;0;106,42500;C
539;0;3;male;;0;0;14,50000;S
540;1;1;female;22,00000;0;2;49,50000;C
541;1;1;female;36,00000;0;2;71,00000;S
542;0;3;female;9,00000;4;2;31,27500;S
543;0;3;female;11,00000;4;2;31,27500;S
544;1;2;male;32,00000;1;0;26,00000;S
545;0;1;male;50,00000;1;0;106,42500;C
546;0;1;male;64,00000;0;0;26,00000;S
547;1;2;female;19,00000;1;0;26,00000;S
548;1;2;male;;0;0;13,86250;C
549;0;3;male;33,00000;1;1;20,52500;S
550;1;2;male;8,00000;1;1;36,75000;S
551;1;1;male;17,00000;0;2;110,88330;C
552;0;2;male;27,00000;0;0;26,00000;S
553;0;3;male;;0;0;7,82920;Q
554;1;3;male;22,00000;0;0;7,22500;C
555;1;3;female;22,00000;0;0;7,77500;S
556;0;1;male;62,00000;0;0;26,55000;S
557;1;1;female;48,00000;1;0;39,60000;C
558;0;1;male;;0;0;227,52500;C
559;1;1;female;39,00000;1;1;79,65000;S
560;1;3;female;36,00000;1;0;17,40000;S
561;0;3;male;;0;0;7,75000;Q
562;0;3;male;40,00000;0;0;7,89580;S
563;0;2;male;28,00000;0;0;13,50000;S
564;0;3;male;;0;0;8,05000;S
565;0;3;female;;0;0;8,05000;S
566;0;3;male;24,00000;2;0;24,15000;S
567;0;3;male;19,00000;0;0;7,89580;S
568;0;3;female;29,00000;0;4;21,07500;S
569;0;3;male;;0;0;7,22920;C
570;1;3;male;32,00000;0;0;7,85420;S
571;1;2;male;62,00000;0;0;10,50000;S
572;1;1;female;53,00000;2;0;51,47920;S
573;1;1;male;36,00000;0;0;26,38750;S
574;1;3;female;;0;0;7,75000;Q
575;0;3;male;16,00000;0;0;8,05000;S
576;0;3;male;19,00000;0;0;14,50000;S
577;1;2;female;34,00000;0;0;13,00000;S
578;1;1;female;39,00000;1;0;55,90000;S
579;0;3;female;;1;0;14,45830;C
580;1;3;male;32,00000;0;0;7,92500;S
581;1;2;female;25,00000;1;1;30,00000;S
582;1;1;female;39,00000;1;1;110,88330;C
583;0;2;male;54,00000;0;0;26,00000;S
584;0;1;male;36,00000;0;0;40,12500;C
585;0;3;male;;0;0;8,71250;C
586;1;1;female;18,00000;0;2;79,65000;S
587;0;2;male;47,00000;0;0;15,00000;S
588;1;1;male;60,00000;1;1;79,20000;C
589;0;3;male;22,00000;0;0;8,05000;S
590;0;3;male;;0;0;8,05000;S
591;0;3;male;35,00000;0;0;7,12500;S
592;1;1;female;52,00000;1;0;78,26670;C
593;0;3;male;47,00000;0;0;7,25000;S
594;0;3;female;;0;2;7,75000;Q
595;0;2;male;37,00000;1;0;26,00000;S
596;0;3;male;36,00000;1;1;24,15000;S
597;1;2;female;;0;0;33,00000;S
598;0;3;male;49,00000;0;0;0,00000;S
599;0;3;male;;0;0;7,22500;C
600;1;1;male;49,00000;1;0;56,92920;C
601;1;2;female;24,00000;2;1;27,00000;S
602;0;3;male;;0;0;7,89580;S
603;0;1;male;;0;0;42,40000;S
604;0;3;male;44,00000;0;0;8,05000;S
605;1;1;male;35,00000;0;0;26,55000;C
606;0;3;male;36,00000;1;0;15,55000;S
607;0;3;male;30,00000;0;0;7,89580;S
608;1;1;male;27,00000;0;0;30,50000;S
609;1;2;female;22,00000;1;2;41,57920;C
610;1;1;female;40,00000;0;0;153,46250;S
611;0;3;female;39,00000;1;5;31,27500;S
612;0;3;male;;0;0;7,05000;S
613;1;3;female;;1;0;15,50000;Q
614;0;3;male;;0;0;7,75000;Q
615;0;3;male;35,00000;0;0;8,05000;S
616;1;2;female;24,00000;1;2;65,00000;S
617;0;3;male;34,00000;1;1;14,40000;S
618;0;3;female;26,00000;1;0;16,10000;S
619;1;2;female;4,00000;2;1;39,00000;S
620;0;2;male;26,00000;0;0;10,50000;S
621;0;3;male;27,00000;1;0;14,45420;C
622;1;1;male;42,00000;1;0;52,55420;S
623;1;3;male;20,00000;1;1;15,74170;C
624;0;3;male;21,00000;0;0;7,85420;S
625;0;3;male;21,00000;0;0;16,10000;S
626;0;1;male;61,00000;0;0;32,32080;S
627;0;2;male;57,00000;0;0;12,35000;Q
628;1;1;female;21,00000;0;0;77,95830;S
629;0;3;male;26,00000;0;0;7,89580;S
630;0;3;male;;0;0;7,73330;Q
631;1;1;male;80,00000;0;0;30,00000;S
632;0;3;male;51,00000;0;0;7,05420;S
633;1;1;male;32,00000;0;0;30,50000;C
634;0;1;male;;0;0;0,00000;S
635;0;3;female;9,00000;3;2;27,90000;S
636;1;2;female;28,00000;0;0;13,00000;S
637;0;3;male;32,00000;0;0;7,92500;S
638;0;2;male;31,00000;1;1;26,25000;S
639;0;3;female;41,00000;0;5;39,68750;S
640;0;3;male;;1;0;16,10000;S
641;0;3;male;20,00000;0;0;7,85420;S
642;1;1;female;24,00000;0;0;69,30000;C
643;0;3;female;2,00000;3;2;27,90000;S
644;1;3;male;;0;0;56,49580;S
645;1;3;female;0,75000;2;1;19,25830;C
646;1;1;male;48,00000;1;0;76,72920;C
647;0;3;male;19,00000;0;0;7,89580;S
648;1;1;male;56,00000;0;0;35,50000;C
649;0;3;male;;0;0;7,55000;S
650;1;3;female;23,00000;0;0;7,55000;S
651;0;3;male;;0;0;7,89580;S
652;1;2;female;18,00000;0;1;23,00000;S
653;0;3;male;21,00000;0;0;8,43330;S
654;1;3;female;;0;0;7,82920;Q
655;0;3;female;18,00000;0;0;6,75000;Q
656;0;2;male;24,00000;2;0;73,50000;S
657;0;3;male;;0;0;7,89580;S
658;0;3;female;32,00000;1;1;15,50000;Q
659;0;2;male;23,00000;0;0;13,00000;S
660;0;1;male;58,00000;0;2;113,27500;C
661;1;1;male;50,00000;2;0;133,65000;S
662;0;3;male;40,00000;0;0;7,22500;C
663;0;1;male;47,00000;0;0;25,58750;S
664;0;3;male;36,00000;0;0;7,49580;S
665;1;3;male;20,00000;1;0;7,92500;S
666;0;2;male;32,00000;2;0;73,50000;S
667;0;2;male;25,00000;0;0;13,00000;S
668;0;3;male;;0;0;7,77500;S
669;0;3;male;43,00000;0;0;8,05000;S
670;1;1;female;;1;0;52,00000;S
671;1;2;female;40,00000;1;1;39,00000;S
672;0;1;male;31,00000;1;0;52,00000;S
673;0;2;male;70,00000;0;0;10,50000;S
674;1;2;male;31,00000;0;0;13,00000;S
675;0;2;male;;0;0;0,00000;S
676;0;3;male;18,00000;0;0;7,77500;S
677;0;3;male;24,50000;0;0;8,05000;S
678;1;3;female;18,00000;0;0;9,84170;S
679;0;3;female;43,00000;1;6;46,90000;S
680;1;1;male;36,00000;0;1;512,32920;C
681;0;3;female;;0;0;8,13750;Q
682;1;1;male;27,00000;0;0;76,72920;C
683;0;3;male;20,00000;0;0;9,22500;S
684;0;3;male;14,00000;5;2;46,90000;S
685;0;2;male;60,00000;1;1;39,00000;S
686;0;2;male;25,00000;1;2;41,57920;C
687;0;3;male;14,00000;4;1;39,68750;S
688;0;3;male;19,00000;0;0;10,17080;S
689;0;3;male;18,00000;0;0;7,79580;S
690;1;1;female;15,00000;0;1;211,33750;S
691;1;1;male;31,00000;1;0;57,00000;S
692;1;3;female;4,00000;0;1;13,41670;C
693;1;3;male;;0;0;56,49580;S
694;0;3;male;25,00000;0;0;7,22500;C
695;0;1;male;60,00000;0;0;26,55000;S
696;0;2;male;52,00000;0;0;13,50000;S
697;0;3;male;44,00000;0;0;8,05000;S
698;1;3;female;;0;0;7,73330;Q
699;0;1;male;49,00000;1;1;110,88330;C
700;0;3;male;42,00000;0;0;7,65000;S
701;1;1;female;18,00000;1;0;227,52500;C
702;1;1;male;35,00000;0;0;26,28750;S
703;0;3;female;18,00000;0;1;14,45420;C
704;0;3;male;25,00000;0;0;7,74170;Q
705;0;3;male;26,00000;1;0;7,85420;S
706;0;2;male;39,00000;0;0;26,00000;S
707;1;2;female;45,00000;0;0;13,50000;S
708;1;1;male;42,00000;0;0;26,28750;S
709;1;1;female;22,00000;0;0;151,55000;S
710;1;3;male;;1;1;15,24580;C
711;1;1;female;24,00000;0;0;49,50420;C
712;0;1;male;;0;0;26,55000;S
713;1;1;male;48,00000;1;0;52,00000;S
714;0;3;male;29,00000;0;0;9,48330;S
715;0;2;male;52,00000;0;0;13,00000;S
716;0;3;male;19,00000;0;0;7,65000;S
717;1;1;female;38,00000;0;0;227,52500;C
718;1;2;female;27,00000;0;0;10,50000;S
719;0;3;male;;0;0;15,50000;Q
720;0;3;male;33,00000;0;0;7,77500;S
721;1;2;female;6,00000;0;1;33,00000;S
722;0;3;male;17,00000;1;0;7,05420;S
723;0;2;male;34,00000;0;0;13,00000;S
724;0;2;male;50,00000;0;0;13,00000;S
725;1;1;male;27,00000;1;0;53,10000;S
726;0;3;male;20,00000;0;0;8,66250;S
727;1;2;female;30,00000;3;0;21,00000;S
728;1;3;female;;0;0;7,73750;Q
729;0;2;male;25,00000;1;0;26,00000;S
730;0;3;female;25,00000;1;0;7,92500;S
731;1;1;female;29,00000;0;0;211,33750;S
732;0;3;male;11,00000;0;0;18,78750;C
733;0;2;male;;0;0;0,00000;S
734;0;2;male;23,00000;0;0;13,00000;S
735;0;2;male;23,00000;0;0;13,00000;S
736;0;3;male;28,50000;0;0;16,10000;S
737;0;3;female;48,00000;1;3;34,37500;S
738;1;1;male;35,00000;0;0;512,32920;C
739;0;3;male;;0;0;7,89580;S
740;0;3;male;;0;0;7,89580;S
741;1;1;male;;0;0;30,00000;S
742;0;1;male;36,00000;1;0;78,85000;S
743;1;1;female;21,00000;2;2;262,37500;C
744;0;3;male;24,00000;1;0;16,10000;S
745;1;3;male;31,00000;0;0;7,92500;S
746;0;1;male;70,00000;1;1;71,00000;S
747;0;3;male;16,00000;1;1;20,25000;S
748;1;2;female;30,00000;0;0;13,00000;S
749;0;1;male;19,00000;1;0;53,10000;S
750;0;3;male;31,00000;0;0;7,75000;Q
751;1;2;female;4,00000;1;1;23,00000;S
752;1;3;male;6,00000;0;1;12,47500;S
753;0;3;male;33,00000;0;0;9,50000;S
754;0;3;male;23,00000;0;0;7,89580;S
755;1;2;female;48,00000;1;2;65,00000;S
756;1;2;male;0,67000;1;1;14,50000;S
757;0;3;male;28,00000;0;0;7,79580;S
758;0;2;male;18,00000;0;0;11,50000;S
759;0;3;male;34,00000;0;0;8,05000;S
760;1;1;female;33,00000;0;0;86,50000;S
761;0;3;male;;0;0;14,50000;S
762;0;3;male;41,00000;0;0;7,12500;S
763;1;3;male;20,00000;0;0;7,22920;C
764;1;1;female;36,00000;1;2;120,00000;S
765;0;3;male;16,00000;0;0;7,77500;S
766;1;1;female;51,00000;1;0;77,95830;S
767;0;1;male;;0;0;39,60000;C
768;0;3;female;30,50000;0;0;7,75000;Q
769;0;3;male;;1;0;24,15000;Q
770;0;3;male;32,00000;0;0;8,36250;S
771;0;3;male;24,00000;0;0;9,50000;S
772;0;3;male;48,00000;0;0;7,85420;S
773;0;2;female;57,00000;0;0;10,50000;S
774;0;3;male;;0;0;7,22500;C
775;1;2;female;54,00000;1;3;23,00000;S
776;0;3;male;18,00000;0;0;7,75000;S
777;0;3;male;;0;0;7,75000;Q
778;1;3;female;5,00000;0;0;12,47500;S
779;0;3;male;;0;0;7,73750;Q
780;1;1;female;43,00000;0;1;211,33750;S
781;1;3;female;13,00000;0;0;7,22920;C
782;1;1;female;17,00000;1;0;57,00000;S
783;0;1;male;29,00000;0;0;30,00000;S
784;0;3;male;;1;2;23,45000;S
785;0;3;male;25,00000;0;0;7,05000;S
786;0;3;male;25,00000;0;0;7,25000;S
787;1;3;female;18,00000;0;0;7,49580;S
788;0;3;male;8,00000;4;1;29,12500;Q
789;1;3;male;1,00000;1;2;20,57500;S
790;0;1;male;46,00000;0;0;79,20000;C
791;0;3;male;;0;0;7,75000;Q
792;0;2;male;16,00000;0;0;26,00000;S
793;0;3;female;;8;2;69,55000;S
794;0;1;male;;0;0;30,69580;C
795;0;3;male;25,00000;0;0;7,89580;S
796;0;2;male;39,00000;0;0;13,00000;S
797;1;1;female;49,00000;0;0;25,92920;S
798;1;3;female;31,00000;0;0;8,68330;S
799;0;3;male;30,00000;0;0;7,22920;C
800;0;3;female;30,00000;1;1;24,15000;S
801;0;2;male;34,00000;0;0;13,00000;S
802;1;2;female;31,00000;1;1;26,25000;S
803;1;1;male;11,00000;1;2;120,00000;S
804;1;3;male;0,42000;0;1;8,51670;C
805;1;3;male;27,00000;0;0;6,97500;S
806;0;3;male;31,00000;0;0;7,77500;S
807;0;1;male;39,00000;0;0;0,00000;S
808;0;3;female;18,00000;0;0;7,77500;S
809;0;2;male;39,00000;0;0;13,00000;S
810;1;1;female;33,00000;1;0;53,10000;S
811;0;3;male;26,00000;0;0;7,88750;S
812;0;3;male;39,00000;0;0;24,15000;S
813;0;2;male;35,00000;0;0;10,50000;S
814;0;3;female;6,00000;4;2;31,27500;S
815;0;3;male;30,50000;0;0;8,05000;S
816;0;1;male;;0;0;0,00000;S
817;0;3;female;23,00000;0;0;7,92500;S
818;0;2;male;31,00000;1;1;37,00420;C
819;0;3;male;43,00000;0;0;6,45000;S
820;0;3;male;10,00000;3;2;27,90000;S
821;1;1;female;52,00000;1;1;93,50000;S
822;1;3;male;27,00000;0;0;8,66250;S
823;0;1;male;38,00000;0;0;0,00000;S
824;1;3;female;27,00000;0;1;12,47500;S
825;0;3;male;2,00000;4;1;39,68750;S
826;0;3;male;;0;0;6,95000;Q
827;0;3;male;;0;0;56,49580;S
828;1;2;male;1,00000;0;2;37,00420;C
829;1;3;male;;0;0;7,75000;Q
830;1;1;female;62,00000;0;0;80,00000;
831;1;3;female;15,00000;1;0;14,45420;C
832;1;2;male;0,83000;1;1;18,75000;S
833;0;3;male;;0;0;7,22920;C
834;0;3;male;23,00000;0;0;7,85420;S
835;0;3;male;18,00000;0;0;8,30000;S
836;1;1;female;39,00000;1;1;83,15830;C
837;0;3;male;21,00000;0;0;8,66250;S
838;0;3;male;;0;0;8,05000;S
839;1;3;male;32,00000;0;0;56,49580;S
840;1;1;male;;0;0;29,70000;C
841;0;3;male;20,00000;0;0;7,92500;S
842;0;2;male;16,00000;0;0;10,50000;S
843;1;1;female;30,00000;0;0;31,00000;C
844;0;3;male;34,50000;0;0;6,43750;C
845;0;3;male;17,00000;0;0;8,66250;S
846;0;3;male;42,00000;0;0;7,55000;S
847;0;3;male;;8;2;69,55000;S
848;0;3;male;35,00000;0;0;7,89580;C
849;0;2;male;28,00000;0;1;33,00000;S
850;1;1;female;;1;0;89,10420;C
851;0;3;male;4,00000;4;2;31,27500;S
852;0;3;male;74,00000;0;0;7,77500;S
853;0;3;female;9,00000;1;1;15,24580;C
854;1;1;female;16,00000;0;1;39,40000;S
855;0;2;female;44,00000;1;0;26,00000;S
856;1;3;female;18,00000;0;1;9,35000;S
857;1;1;female;45,00000;1;1;164,86670;S
858;1;1;male;51,00000;0;0;26,55000;S
859;1;3;female;24,00000;0;3;19,25830;C
860;0;3;male;;0;0;7,22920;C
861;0;3;male;41,00000;2;0;14,10830;S
862;0;2;male;21,00000;1;0;11,50000;S
863;1;1;female;48,00000;0;0;25,92920;S
864;0;3;female;;8;2;69,55000;S
865;0;2;male;24,00000;0;0;13,00000;S
866;1;2;female;42,00000;0;0;13,00000;S
867;1;2;female;27,00000;1;0;13,85830;C
868;0;1;male;31,00000;0;0;50,49580;S
869;0;3;male;;0;0;9,50000;S
870;1;3;male;4,00000;1;1;11,13330;S
871;0;3;male;26,00000;0;0;7,89580;S
872;1;1;female;47,00000;1;1;52,55420;S
873;0;1;male;33,00000;0;0;5,00000;S
874;0;3;male;47,00000;0;0;9,00000;S
875;1;2;female;28,00000;1;0;24,00000;C
876;1;3;female;15,00000;0;0;7,22500;C
877;0;3;male;20,00000;0;0;9,84580;S
878;0;3;male;19,00000;0;0;7,89580;S
879;0;3;male;;0;0;7,89580;S
880;1;1;female;56,00000;0;1;83,15830;C
881;1;2;female;25,00000;0;1;26,00000;S
882;0;3;male;33,00000;0;0;7,89580;S
883;0;3;female;22,00000;0;0;10,51670;S
884;0;2;male;28,00000;0;0;10,50000;S
885;0;3;male;25,00000;0;0;7,05000;S
886;0;3;female;39,00000;0;5;29,12500;Q
887;0;2;male;27,00000;0;0;13,00000;S
888;1;1;female;19,00000;0;0;30,00000;S
889;0;3;female;;1;2;23,45000;S
890;1;1;male;26,00000;0;0;30,00000;C
891;0;3;male;32,00000;0;0;7,75000;Q
